"meth_ID","age","sex","CD8T","CD4T","NK","Bcell","Mono","Neu","Eos","por_ID","fev_2","fvc_2","height_2","weight_2","smoke_2","pack_years_T2","asthma_ever_2","COPD","malign_neoplasm","T2D"
"S1",46.6,0,0.066014993,0.16944878,0.020445939,0.038326685,0.055823879,0.647735137,0,"S1",2.785,3.565,160.9,64.2,1,3.5,0,0,1,0
"S2",47,0,0.0658853,0.111279534,0.069795954,0,0.064638887,0.697249078,0,"S2",2.305,3.375,156,55.8,1,0,0,1,1,0
"S3",46.2,0,0.047241125,0.159807989,0.05708674,0.028984335,0.109330742,0.597769633,0,"S3",2.53,2.97,156.8,51.6,0,0,0,0,1,0
"S4",46,1,0.060217351,0.158647587,0.068970238,0.016002974,0.080850845,0.618171772,0,"S4",4.025,5.245,172.6,67.9,0,0.4,0,0,1,0
"S5",46.8,0,1.09e-18,0.072930993,0,0.015221594,0.098492904,0.803543699,0,"S5",3.035,3.73,170,74.7,1,13.6,0,0,1,0
"S6",46.8,0,0.113734193,0.17683954,0.082029615,0.029822805,0.047584461,0.550420667,0,"S5",3.23,4.24,166.2,69.5,0,0,0,0,1,0
