"meth_ID","age","sex","CD8T","CD4T","NK","Bcell","Mono","Neu","Eos","por_ID","fev_2","fvc_2","height_2","weight_2","smoke_2","pack_years_T2","asthma_ever_2","COPD","malign_neoplasm","T2D"
"200392800095_R06C01",46.6,0,0.066014993,0.16944878,0.020445939,0.038326685,0.055823879,0.647735137,0,"p0005_154_20729",2.785,3.565,160.9,64.2,1,3.5,0,0,1,0
"200383290050_R05C01",47,0,0.0658853,0.111279534,0.069795954,0,0.064638887,0.697249078,0,"p0005_154_24877",2.305,3.375,156,55.8,1,0,0,1,1,0
"200383290031_R05C01",46.2,0,0.047241125,0.159807989,0.05708674,0.028984335,0.109330742,0.597769633,0,"p0005_154_19955",2.53,2.97,156.8,51.6,0,0,0,0,1,0
"200360140206_R08C01",46,1,0.060217351,0.158647587,0.068970238,0.016002974,0.080850845,0.618171772,0,"p0005_154_8943",4.025,5.245,172.6,67.9,0,0.4,0,0,1,0
"200392800100_R04C01",46.8,0,1.09e-18,0.072930993,0,0.015221594,0.098492904,0.803543699,0,"p0005_154_7467",3.035,3.73,170,74.7,1,13.6,0,0,1,0
"200392800088_R07C01",46.8,0,0.113734193,0.17683954,0.082029615,0.029822805,0.047584461,0.550420667,0,"p0005_154_24493",3.23,4.24,166.2,69.5,0,0,0,0,1,0
